{
  "n_trials_raw": 1140,
  "n_trials_final": 1064,
  "n_subjects": 60,
  "n_items": 19,
  "typical_trials": 744,
  "atypical_trials": 320,
  "mean_auc_typical": 0.21062125261628542,
  "mean_auc_atypical": 0.2788067215343089,
  "mean_rt_typical": 1.766548387096774,
  "mean_rt_atypical": 2.547971875,
  "mean_rho_typical": 0.4424059139784946,
  "mean_rho_atypical": 0.68203125,
  "subject_cv_rmse_action": 0.4608301115084388,
  "subject_cv_rmse_minimum_jerk": 0.4803785452767475,
  "loo_nll_condition_only": 38.81315973826661,
  "loo_nll_semantic": 38.17470653537764,
  "loo_nll_condition_semantic": 38.21930475104976,
  "itemwise_nll_gain": 0.6935596111815376,
  "n_items_semantic_better": 15,
  "spearman_margin_rho": -0.8547609423123449,
  "spearman_predictedrho_fittedrho": 0.8473684210526315,
  "parameter_recovery_r": 0.9959883476030588,
  "parameter_recovery_mae": 0.015520833333333334
}