model,condition,mean_rmse,sd_rmse,mean_loglik,n
action_condition_only_rho,Atypical,0.5285520770173373,0.22200235308339036,-55.214280320319894,320
action_condition_plus_semantic_rho,Atypical,0.5299091059502988,0.20324275375750367,-54.003887793166555,320
action_semantic_margin_only_rho,Atypical,0.5299091059502988,0.20324275375750367,-54.00446637902853,320
action_trial_fitted_rho,Atypical,0.4812123493779025,0.1880515618166816,-43.4726611045909,320
baseline_condition_mean,Atypical,0.4400970422412991,0.2026248170971463,-41.87039310015982,320
baseline_minimum_jerk,Atypical,0.5572407490310012,0.26150315657638434,-63.24229911928811,320
bezier_condition,Atypical,0.4725851683863658,0.1939249205788809,-43.8903963994445,320
spline_condition,Atypical,0.5073248711704504,0.23471035736765794,-53.84643982810727,320
action_condition_only_rho,Typical,0.43192345496384343,0.1696350450452189,-31.75891432663079,744
action_condition_plus_semantic_rho,Typical,0.43296471199433045,0.1637132478870741,-31.430236775945755,744
action_semantic_margin_only_rho,Typical,0.4326460029317602,0.16358015644057658,-31.366207677893378,744
action_trial_fitted_rho,Typical,0.41449825446975275,0.14972805754843746,-26.18780976262715,744
baseline_condition_mean,Typical,0.29893148377245804,0.18197925704034254,-3.9905798016572116,744
baseline_minimum_jerk,Typical,0.44731953290932647,0.18360447206395625,-36.14349256321776,744
bezier_condition,Typical,0.38446891289626334,0.13375063141909702,-18.498004348282233,744
spline_condition,Typical,0.39823416160898095,0.16881948125880814,-24.90849026884861,744
action_condition_only_rho,All,0.4609846946791799,0.1920131382217604,-38.81315973826661,1064
action_condition_plus_semantic_rho,All,0.46212092070289235,0.18195648151250288,-38.219304751049755,1064
action_semantic_margin_only_rho,All,0.4618980639899673,0.18190861220394736,-38.17470653537764,1064
action_trial_fitted_rho,All,0.43456264391581284,0.16498171760477903,-31.386261294044818,1064
baseline_condition_mean,All,0.3413872908307561,0.19915546126108144,-15.383004853838449,1064
baseline_minimum_jerk,All,0.4803785452767475,0.21593406367165252,-44.29350957256222,1064
bezier_condition,All,0.4109700423669708,0.1594489161439521,-26.13481398772953,1064
spline_condition,All,0.43104339756731763,0.19737649123277887,-33.61163299343768,1064
